Event,NO Start Time,NO Stop Time
1,2023-06-22 6:00,2023-06-22 11:00
2,2023-06-27 5:00,2023-06-27 10:00
3,2023-06-29 1:00,2023-06-29 4:00
4,2023-07-05 3:00,2023-07-05 10:00
5,2023-07-09 2:00,2023-07-09 13:00
6,2023-07-12 7:00,2023-07-12 13:00
7,2023-07-16 3:00,2023-07-16 16:00
8,2023-07-17 22:00,2023-07-18 12:00
9,2023-07-22 7:00,2023-07-22 13:00
10,2023-07-24 6:00,2023-07-24 13:00
11,2023-07-27 3:00,2023-07-27 13:00
12,2023-08-06 5:00,2023-08-06 13:00
13,2023-08-07 2:00,2023-08-07 11:00
14,2023-08-08 3:00,2023-08-08 13:00
15,2023-08-12 21:00,2023-08-13 2:00
16,2023-08-17 5:00,2023-08-17 12:00
17,2023-08-21 5:00,2023-08-21 13:00
18,2023-08-23 6:00,2023-08-23 14:00
19,2023-08-25 5:00,2023-08-25 16:00
20,2023-08-28 3:00,2023-08-28 13:00
21,2023-08-29 23:00,2023-08-30 13:00
22,2023-08-31 5:00,2023-08-31 9:00
23,2023-09-07 9:00,2023-09-07 14:00
24,2023-09-07 20:00,2023-09-08 2:00
25,2023-09-08 3:00,2023-09-08 12:00
26,2023-09-08 13:00,2023-09-08 18:00
27,2023-09-09 5:00,2023-09-09 11:00
28,2023-09-10 3:00,2023-09-10 15:00
29,2023-09-13 0:00,2023-09-13 10:00
30,2023-09-15 2:00,2023-09-15 13:00
31,2023-09-17 22:00,2023-09-18 6:00
32,2023-09-19 1:00,2023-09-19 13:00
33,2023-09-20 6:00,2023-09-20 18:00
34,2023-09-24 19:00,2023-09-24 23:00
35,2023-09-25 5:00,2023-09-25 9:00
36,2023-09-25 10:00,2023-09-25 13:00
37,2023-09-26 7:00,2023-09-26 15:00
38,2023-09-28 3:00,2023-09-28 12:00
39,2023-09-30 9:00,2023-09-30 16:00
40,2023-10-03 4:00,2023-10-03 15:00
41,2023-10-05 22:00,2023-10-06 4:00
42,2023-10-07 10:00,2023-10-07 14:00
43,2023-10-08 0:00,2023-10-08 13:00
44,2023-10-11 6:00,2023-10-11 9:00
45,2023-10-16 6:00,2023-10-16 12:00
46,2023-10-17 3:00,2023-10-17 8:00
47,2023-10-17 9:00,2023-10-17 14:00
48,2023-10-18 4:00,2023-10-18 12:00
49,2023-10-18 19:00,2023-10-18 23:00
50,2023-10-21 9:00,2023-10-21 15:00
51,2023-10-30 6:00,2023-10-30 14:00
52,2023-11-03 9:00,2023-11-04 1:00
53,2023-11-06 23:00,2023-11-07 6:00
54,2023-11-09 7:00,2023-11-09 14:00
55,2023-11-11 6:00,2023-11-11 19:00
56,2023-11-14 6:00,2023-11-14 15:00
57,2023-11-15 2:00,2023-11-15 5:00
58,2023-11-16 3:00,2023-11-16 7:00
59,2023-11-16 15:00,2023-11-16 18:00
60,2023-11-16 19:00,2023-11-16 23:00
61,2023-11-17 23:00,2023-11-18 10:00
62,2023-11-18 14:00,2023-11-18 23:00
63,2023-11-19 2:00,2023-11-19 15:00
64,2023-11-19 16:00,2023-11-20 0:00
65,2023-11-23 15:00,2023-11-23 22:00
66,2023-11-26 22:00,2023-11-27 12:00
67,2023-12-01 5:00,2023-12-01 13:00
68,2023-12-01 18:00,2023-12-02 1:00
69,2023-12-02 10:00,2023-12-02 21:00
70,2023-12-03 4:00,2023-12-03 10:00
71,2023-12-03 23:00,2023-12-04 10:00
72,2023-12-04 17:00,2023-12-05 1:00
73,2023-12-07 17:00,2023-12-08 1:00
74,2023-12-08 14:00,2023-12-08 20:00
75,2023-12-09 17:00,2023-12-10 1:00
76,2023-12-11 21:00,2023-12-12 3:00
